[['tle="Dafydd ab Hugh">Dafydd ab Hugh</a> (born 1960)</dd>\n<dd><a href="/wiki/Alexander_Abasheli" title="Alexander Abasheli">Alexa', '> (1924\xe2\x80\x931990)</dd>\n<dd><a href="/wiki/Dan_Abnett" title="Dan Abnett">Dan Abnett</a> (born 1965)</dd>\n<dd><a href="/wiki/Forres', '(born 1970)</dd>\n<dd><a href="/wiki/Jerry_Ahern" title="Jerry Ahern">Jerry Ahern</a> (born 1946)</dd>\n<dd><a href="/wiki/Humayun', '_Ahmed" title="Humayun Ahmed">Humayun Ahmed</a> (born 1948)</dd>\n<dd><a href="/wiki/Jim_Aikin" title="Jim Aikin">Jim Aikin</a> (', 'born 1948)</dd>\n<dd><a href="/wiki/Alan_Burt_Akers" title="Alan Burt Akers" class="mw-redirect">Alan Burt Akers</a> (pseudonym o', 'ldiss">Brian Aldiss</a> (born 1925)</dd>\n<dd><a href="/wiki/David_M._Alexander" title="David M. Alexander">David M. Alexander</a', '> (born 1945)</dd>\n<dd><a href="/wiki/Lloyd_Alexander" title="Lloyd Alexander">Lloyd Alexander</a> (1924\xe2\x80\x932007)</dd>\n<dd><a hre', 'f="/wiki/Roger_MacBride_Allen" title="Roger MacBride Allen">Roger MacBride Allen</a> (born 1957)</dd>\n<dd><a href="/wiki/Hans_Jo', 'e Alten">Steve Alten</a> (born 1959)</dd>\n<dd><a href="/wiki/Genrich_Altshuller" title="Genrich Altshuller">Genrich Altshuller</', '/wiki/Paul_Rafaelovich_Amnu%C3%A9l" title="Paul Rafaelovich Amnu\xc3\xa9l" class="mw-redirect">Paul Rafaelovich Amnu\xc3\xa9l</a> (born 1944', ')</dd>\n<dd><a href="/wiki/Kevin_J._Anderson" title="Kevin J. Anderson">Kevin J. Anderson</a> (born 1962)</dd>\n<dd><a href="/wiki', 'opher Andrews">Christopher Andrews</a> (born 1970)</dd>\n<dd><a href="/wiki/Patricia_Anthony" title="Patricia Anthony">Patricia A', 'nthony</a> (born 1947)</dd>\n<dd><a href="/wiki/Piers_Anthony" title="Piers Anthony">Piers Anthony</a> (born 1934), <i><a href="/', '</a> (born 1956)</dd>\n<dd><a href="/wiki/E.L._Arch" title="E.L. Arch" class="mw-redirect">E.L. Arch</a> (1922\xe2\x80\x931988) (pseudonym', 'or_Arnason" title="Eleanor Arnason">Eleanor Arnason</a> (born 1942)</dd>\n<dd><a href="/wiki/Robert_Arthur_(writer)" title="Rober', ' Asaro">Catherine Asaro</a> (born 1955)</dd>\n<dd><a href="/wiki/Neal_Asher" title="Neal Asher">Neal Asher</a> (born 1961)</dd>\n<', 'dd><a href="/wiki/Francis_Leslie_Ashton" title="Francis Leslie Ashton">Francis Leslie Ashton</a> (born 1904)</dd>\n<dd><a href="/', 'i/Janet_Asimov" title="Janet Asimov">Janet Asimov</a> (born 1926)</dd>\n<dd><a href="/wiki/Nancy_Asire" title="Nancy Asire">Nancy', ' Asire</a> (born 1945)</dd>\n<dd><a href="/wiki/Robert_Asprin" title="Robert Asprin">Robert Asprin</a> (1946\xe2\x80\x932008), <i><a href=', 'y">Phule\'s Company</a></i></dd>\n<dd><a href="/wiki/A._A._Attanasio" title="A. A. Attanasio">A. A. Attanasio</a> (born 1951)</dd>', '\n<dd><a href="/wiki/Margaret_Atwood" title="Margaret Atwood">Margaret Atwood</a> (born 1939)</dd>\n<dd><a href="/wiki/Ayerdhal" t', 'itle="Ayerdhal">Ayerdhal</a> (born 1959)</dd>\n</dl>\n<h2><span class="mw-headline" id="B">B</span><span class="mw-editsection"><s', 'n</a></i></dd>\n<dd><a href="/wiki/Paolo_Bacigalupi" title="Paolo Bacigalupi">Paolo Bacigalupi</a> (born 1972)</dd>\n<dd><a href="', '/wiki/Hilary_Bailey" title="Hilary Bailey">Hilary Bailey</a> (born 1936)</dd>\n<dd><a href="/wiki/Robin_Wayne_Bailey" title="Robi', 'n Wayne Bailey">Robin Wayne Bailey</a> (born 1952)</dd>\n<dd><a href="/wiki/Kage_Baker" title="Kage Baker">Kage Baker</a> (1952\xe2\x80', '\x932010)</dd>\n<dd><a href="/wiki/Scott_Baker_(writer)" title="Scott Baker (writer)">Scott Baker</a> (born 1947)</dd>\n<dd><a href="', 'Marek Baraniecki</a> (born 1954)</dd>\n<dd><a href="/wiki/Miquel_Barcel%C3%B3_(writer)" title="Miquel Barcel\xc3\xb3 (writer)">Miquel B', 'arcel\xc3\xb3</a> (born 1948)</dd>\n<dd><a href="/wiki/Ren%C3%A9_Barjavel" title="Ren\xc3\xa9 Barjavel">Ren\xc3\xa9 Barjavel</a> (1911\xe2\x80\x931985)</dd>', 'arnes_(author)" title="John Barnes (author)">John Barnes</a> (born 1957)</dd>\n<dd><a href="/wiki/Steven_Barnes" title="Steven Ba', 'rnes">Steven Barnes</a> (born 1952)</dd>\n<dd><a href="/wiki/William_Barnwell" title="William Barnwell">William Barnwell</a> (bor', '\xe2\x80\x932004)</dd>\n<dd><a href="/wiki/Jo%C3%A3o_Barreiros" title="Jo\xc3\xa3o Barreiros">Jo\xc3\xa3o Barreiros</a> (born 1952)</dd>\n<dd><a href="', '/wiki/William_Barton_(writer)" title="William Barton (writer)">William Barton</a> (born 1950)</dd>\n<dd><a href="/wiki/T._J._Bass', 'k Baum</a> (1856\xe2\x80\x931919)</dd>\n<dd><a href="/wiki/John_Baxter_(author)" title="John Baxter (author)">John Baxter</a> (born 1939)<', '/dd>\n<dd><a href="/wiki/Stephen_Baxter" title="Stephen Baxter">Stephen Baxter</a> (born 1957)</dd>\n<dd><a href="/wiki/Georgy_Bay', '</a> (born 1971)</dd>\n<dd><a href="/wiki/Greg_Bear" title="Greg Bear">Greg Bear</a> (born 1951)</dd>\n<dd><a href="/wiki/Jerome_B', '8)</dd>\n<dd><a href="/wiki/Andrei_Belyanin" title="Andrei Belyanin">Andrei Belyanin</a> (born 1967)</dd>\n<dd><a href="/wiki/Don_', 'Bendell" title="Don Bendell">Don Bendell</a> (born 1947) (pseudonym of Ron Stillman)</dd>\n<dd><a href="/wiki/Gregory_Benford" ti', 'tle="Gregory Benford">Gregory Benford</a> (born 1941)</dd>\n<dd><a href="/wiki/J._D._Beresford" title="J. D. Beresford">J. D. Ber', 'esford</a> (1873\xe2\x80\x931947)</dd>\n<dd><a href="/wiki/Fyodor_Berezin" title="Fyodor Berezin">Fyodor Berezin</a> (born 1960)</dd>\n<dd>', 'dd>\n<dd><a href="/wiki/Bruce_Bethke" title="Bruce Bethke">Bruce Bethke</a> (born 1955)</dd>\n<dd><a href="/wiki/Ambrose_Bierce" t', 'ham</a> (born 1964)</dd>\n<dd><a href="/wiki/David_Bischoff" title="David Bischoff">David Bischoff</a> (born 1951)</dd>\n<dd><a hr', 'ef="/wiki/Michael_Bishop_(author)" title="Michael Bishop (author)">Michael Bishop (author)</a> (born 1945)</dd>\n<dd><a href="/wi', 'ki/Terry_Bisson" title="Terry Bisson">Terry Bisson</a> (born 1942)</dd>\n<dd><a href="/wiki/Jerome_Bixby" title="Jerome Bixby">Je', 'rome Bixby</a> (1923\xe2\x80\x931998)</dd>\n<dd><a href="/wiki/Malorie_Blackman" title="Malorie Blackman">Malorie Blackman</a> (born 1962)', '</dd>\n<dd><a href="/wiki/Jayme_Lynn_Blaschke" title="Jayme Lynn Blaschke">Jayme Lynn Blaschke</a> (born 1969)</dd>\n<dd><a href="', '/wiki/James_Blaylock" title="James Blaylock">James Blaylock</a>, (born 1950)</dd>\n<dd><a href="/wiki/James_Blish" title="James B', 'i/Maya_Kaathryn_Bohnhoff" title="Maya Kaathryn Bohnhoff">Maya Kaathryn Bohnhoff</a> (born 1954)</dd>\n<dd><a href="/wiki/Nelson_S', 'in Bokeili</a> (born 1963)</dd>\n<dd><a href="/wiki/Pierre_Bordage" title="Pierre Bordage">Pierre Bordage</a> (born 1955)</dd>\n<d', ' Bova</a> (born 1932)</dd>\n<dd><a href="/wiki/Leigh_Brackett" title="Leigh Brackett">Leigh Brackett</a> (1915\xe2\x80\x931978)</dd>\n<dd><', 'adshaw">Gillian Bradshaw</a> (born 1956)</dd>\n<dd><a href="/wiki/Paolo_Brera" title="Paolo Brera">Paolo Brera</a> (born 1949)</d', 'd_Brin" title="David Brin">David Brin</a> (born 1950)</dd>\n<dd><a href="/wiki/Damien_Broderick" title="Damien Broderick">Damien ', 'Broderick</a> (born 1944)</dd>\n<dd><a href="/wiki/Kristi_Brooks" title="Kristi Brooks">Kristi Brooks</a> (born 1980)</dd>\n<dd><a', ' href="/wiki/Max_Brooks" title="Max Brooks">Max Brooks</a> (born 1972)</dd>\n<dd><a href="/wiki/Terry_Brooks" title="Terry Brooks', '">Terry Brooks</a> (born 1944)</dd>\n<dd><a href="/wiki/John_Brosnan" title="John Brosnan">John Brosnan</a> (1947\xe2\x80\x932005)</dd>\n<d', 'd><a href="/wiki/Eric_Brown_(writer)" title="Eric Brown (writer)">Eric Brown</a> (born 1960)</dd>\n<dd><a href="/wiki/Fredric_Bro', ' (born 1956)</dd>\n<dd><a href="/wiki/John_Brunner_(novelist)" title="John Brunner (novelist)">John Brunner</a> (1934\xe2\x80\x931995)</dd', '>\n<dd><a href="/wiki/Steven_Brust" title="Steven Brust">Steven Brust</a> (born 1955)</dd>\n<dd><a href="/wiki/Edward_Bryant" titl', 'e="Edward Bryant">Edward Bryant</a> (born 1945)</dd>\n<dd><a href="/wiki/Valery_Bryusov" title="Valery Bryusov">Valery Bryusov</a', '> (1873\xe2\x80\x931924)</dd>\n<dd><a href="/wiki/Tobias_S._Buckell" title="Tobias S. Buckell">Tobias S. Buckell</a> (born 1979)</dd>\n<dd>', 'dd><a href="/wiki/Lois_McMaster_Bujold" title="Lois McMaster Bujold">Lois McMaster Bujold</a> (born 1949)</dd>\n<dd><a href="/wik', ' Burgess</a> (1917\xe2\x80\x931993)</dd>\n<dd><a href="/wiki/Yuli_Burkin" title="Yuli Burkin">Yuli Burkin</a> (born 1960)</dd>\n<dd><a href', 'l_A._Burstein" title="Michael A. Burstein">Michael A. Burstein</a> (born 1970)</dd>\n<dd><a href="/wiki/F._M._Busby" title="F. M.', ' (born 1956)</dd>\n<dd><a href="/wiki/Jim_Butcher" title="Jim Butcher">Jim Butcher</a> (born 1971)</dd>\n<dd><a href="/wiki/Octavi', 'div>\n<dl>\n<dd><a href="/wiki/Pat_Cadigan" title="Pat Cadigan">Pat Cadigan</a> (born 1953)</dd>\n<dd><a href="/wiki/Jack_Cady" tit', 'd" title="Orson Scott Card">Orson Scott Card</a> (born 1951)</dd>\n<dd><a href="/wiki/Terry_Carr" title="Terry Carr">Terry Carr</', 'er">Jeffrey Carver</a> (born 1949)</dd>\n<dd><a href="/wiki/Jay_Caselberg" title="Jay Caselberg">Jay Caselberg</a> (born 1958)</d', 'e="Suzy McKee Charnas">Suzy McKee Charnas</a> (born 1939)</dd>\n<dd><a href="/wiki/Da%C3%ADna_Chaviano" title="Da\xc3\xadna Chaviano">D', 'a\xc3\xadna Chaviano</a> (born 1960)</dd>\n<dd><a href="/wiki/Richard_Chwedyk" title="Richard Chwedyk">Richard Chwedyk</a> (born 1955)<', '/dd>\n<dd><a href="/wiki/C._J._Cherryh" title="C. J. Cherryh">C. J. Cherryh</a> (born 1942)</dd>\n<dd><a href="/wiki/Ted_Chiang" t', 'itle="Ted Chiang">Ted Chiang</a> (born 1967)</dd>\n<dd><a href="/wiki/Charles_Chilton" title="Charles Chilton">Charles Chilton</a', 'itle="Massimo Citi">Massimo Citi</a> (born 1955)</dd>\n<dd><a href="/wiki/Charles_Heber_Clark" title="Charles Heber Clark">Charle', 'a> (1906\xe2\x80\x931963)</dd>\n<dd><a href="/wiki/Brenda_Clough" title="Brenda Clough">Brenda Clough</a> (born 1955)</dd>\n<dd><a href="/w', 'iki/John_Clute" title="John Clute">John Clute</a> (born 1940)</dd>\n<dd><a href="/wiki/Stephen_Euin_Cobb" title="Stephen Euin Cob', 'b">Stephen Euin Cobb</a> (born 1955)</dd>\n<dd><a href="/wiki/Stanton_A._Coblentz" title="Stanton A. Coblentz">Stanton A. Coblent', '><a href="/wiki/David_G._Compton" title="David G. Compton">David G. Compton</a> (born 1930)</dd>\n<dd><a href="/wiki/Michael_Cone', '</a> (born 1956)</dd>\n<dd><a href="/wiki/Glen_Cook" title="Glen Cook">Glen Cook</a> (born 1944)</dd>\n<dd><a href="/wiki/Hugh_Coo', 'Cook_(author)" title="Paul Cook (author)">Paul Cook</a> (born 1950)</dd>\n<dd><a href="/wiki/Edmund_Cooper" title="Edmund Cooper"', 'title="John G. Cramer">John G. Cramer</a> (born 1934)</dd>\n<dd><a href="/wiki/Michael_Crichton" title="Michael Crichton">Michael', '/John_Crowley" title="John Crowley">John Crowley</a> (born 1942)</dd>\n<dd><a href="/wiki/Andrew_Crumey" title="Andrew Crumey">An', 'drew Crumey</a> (born 1961)</dd>\n<dd><a href="/wiki/Ray_Cummings" title="Ray Cummings">Ray Cummings</a> (1887\xe2\x80\x931957)</dd>\n<dd><', 'a href="/wiki/Julie_E._Czerneda" title="Julie E. Czerneda" class="mw-redirect">Julie E. Czerneda</a> (born 1955)</dd>\n</dl>\n<h2>', 'an Daley</a> (1947\xe2\x80\x931996)</dd>\n<dd><a href="/wiki/John_Dalmas" title="John Dalmas">John Dalmas</a> (born 1926)</dd>\n<dd><a href', '="/wiki/Tony_Daniel_(science_fiction_writer)" title="Tony Daniel (science fiction writer)">Tony Daniel</a> (born 1963)</dd>\n<dd>', '<a href="/wiki/Jack_Dann" title="Jack Dann">Jack Dann</a> (born 1945)</dd>\n<dd><a href="/wiki/Maurice_Georges_Dantec" title="Mau', 'rice Georges Dantec" class="mw-redirect">Maurice Georges Dantec</a> (born 1959)</dd>\n<dd><a href="/wiki/Dennis_Danvers" title="D', 'ennis Danvers">Dennis Danvers</a> (born 1947)</dd>\n<dd><a href="/wiki/Clark_Darlton" title="Clark Darlton" class="mw-redirect">C', 'am Davidson</a> (1923\xe2\x80\x931993)</dd>\n<dd><a href="/wiki/Chan_Davis" title="Chan Davis" class="mw-redirect">Chan Davis</a> (born 19', ' (born 1931)</dd>\n<dd><a href="/wiki/James_De_Mille" title="James De Mille">James De Mille</a> (1833\xe2\x80\x931880)</dd>\n<dd><a href="/', 'wiki/Marianne_de_Pierres" title="Marianne de Pierres">Marianne de Pierres</a> (born 1961)</dd>\n<dd><a href="/wiki/Stephen_Dedman', '" title="Stephen Dedman">Stephen Dedman</a> (born 1959)</dd>\n<dd><a href="/wiki/Lester_del_Rey" title="Lester del Rey">Lester de', 'l Rey</a> (1915\xe2\x80\x931993)</dd>\n<dd><a href="/wiki/Samuel_R._Delany" title="Samuel R. Delany">Samuel R. Delany</a> (born 1942)</dd>', '\n<dd><a href="/wiki/Bradley_Denton" title="Bradley Denton">Bradley Denton</a> (born 1958)</dd>\n<dd><a href="/wiki/August_Derleth', 'edirect">A.J. Deutsch</a> (1918\xe2\x80\x931969)</dd>\n<dd><a href="/wiki/Graham_Diamond" title="Graham Diamond">Graham Diamond</a> (born ', 'William C. Dietz">William C. Dietz</a> (born 1945)</dd>\n<dd><a href="/wiki/Thomas_M._Disch" title="Thomas M. Disch">Thomas M. Di', 'dd><a href="/wiki/Cory_Doctorow" title="Cory Doctorow">Cory Doctorow</a> (born 1971)</dd>\n<dd><a href="/wiki/Stephen_R._Donaldso', 'n" title="Stephen R. Donaldson">Stephen R. Donaldson</a> (born 1947)</dd>\n<dd><a href="/wiki/Candas_Dorsey" title="Candas Dorsey', '" class="mw-redirect">Candas Dorsey</a> (born 1952)</dd>\n<dd><a href="/wiki/Terry_Dowling" title="Terry Dowling">Terry Dowling</', 'a> (born 1947)</dd>\n<dd><a href="/wiki/Arthur_Conan_Doyle" title="Arthur Conan Doyle">Arthur Conan Doyle</a> (1859\xe2\x80\x931930)</dd>\n', '<dd><a href="/wiki/Debra_Doyle" title="Debra Doyle">Debra Doyle</a> (born 1952)</dd>\n<dd><a href="/wiki/Gardner_Dozois" title="G', 'ardner Dozois">Gardner Dozois</a> (born 1947)</dd>\n<dd><a href="/wiki/David_Drake" title="David Drake">David Drake</a> (born 194', '5)</dd>\n<dd><a href="/wiki/Tananarive_Due" title="Tananarive Due">Tananarive Due</a> (born 1966)</dd>\n<dd><a href="/wiki/Jacek_D', 'ukaj" title="Jacek Dukaj">Jacek Dukaj</a> (born 1974)</dd>\n<dd><a href="/wiki/Jean-Claude_Dunyach" title="Jean-Claude Dunyach">J', 'ean-Claude Dunyach</a> (born 1957)</dd>\n</dl>\n<h2><span class="mw-headline" id="E">E</span><span class="mw-editsection"><span cl', '\x90\xd0\xbd\xd1\x82\xd0\xbe\xd0\xbd\xd0\xbe\xd0\xb2\xd0\xb8\xd1\x87 \xd0\x95\xd1\x84\xd1\x80\xd0\xb5\xd0\xbc\xd0\xbe\xd0\xb2)</dd>\n<dd><a href="/wiki/Greg_Egan" title="Greg Egan">Greg Egan</a> (born 1961)</dd>\n<dd><a hre', 'f="/wiki/Suzette_Haden_Elgin" title="Suzette Haden Elgin">Suzette Haden Elgin</a> (born 1936)</dd>\n<dd><a href="/wiki/William_B.', '_Ellern" title="William B. Ellern">William B. Ellern</a> (born 1933)</dd>\n<dd><a href="/wiki/Harlan_Ellison" title="Harlan Ellis', 'on">Harlan Ellison</a> (born 1934)</dd>\n<dd><a href="/wiki/Roger_Elwood" title="Roger Elwood">Roger Elwood</a> (1933\xe2\x80\x932007)</dd', '>\n<dd><a href="/wiki/Carol_Emshwiller" title="Carol Emshwiller">Carol Emshwiller</a> (born 1921)</dd>\n<dd><a href="/wiki/M._J._E', 'ngh" title="M. J. Engh">M. J. Engh</a> (born 1933)</dd>\n<dd><a href="/wiki/Steven_Erikson" title="Steven Erikson">Steven Erikson', '</a> (born 1959) pseudonym of Steve Rune Lundin</dd>\n<dd><a href="/wiki/Walter_Ernsting" title="Walter Ernsting">Walter Ernsting', '</a> (1920\xe2\x80\x932005)</dd>\n<dd><a href="/wiki/Andreas_Eschbach" title="Andreas Eschbach">Andreas Eschbach</a> (born 1959)</dd>\n<dd>', '<a href="/wiki/Kelley_Eskridge" title="Kelley Eskridge">Kelley Eskridge</a> (born 1960)</dd>\n<dd><a href="/wiki/Valerio_Evangeli', 'sti" title="Valerio Evangelisti">Valerio Evangelisti</a> (born 1952)</dd>\n<dd><a href="/wiki/Christopher_Evans_(author)" title="', 'Christopher Evans (author)">Christopher Evans</a> (born 1951)</dd>\n</dl>\n<h2><span class="mw-headline" id="F">F</span><span clas', 'Eric Flint</b></div>\n</div>\n</div>\n<dl>\n<dd><a href="/wiki/Jane_Fancher" title="Jane Fancher">Jane Fancher</a> (born 1952)</dd>\n', '/wiki/Nabil_Farouk" title="Nabil Farouk">Nabil Farouk</a> (born 1956)</dd>\n<dd><a href="/wiki/Howard_Fast" title="Howard Fast">H', '\xe2\x80\x931960)</dd>\n<dd><a href="/wiki/Cynthia_Felice" title="Cynthia Felice">Cynthia Felice</a> (born 1942) <a rel="nofollow" class="', '"Brad Ferguson">Brad Ferguson</a> (born 1953)</dd>\n<dd><a href="/wiki/Sheila_Finch" title="Sheila Finch">Sheila Finch</a> (born ', 'sk" title="Nicholas Fisk">Nicholas Fisk</a> (born 1923) (pseudonym of David Higginbottom)</dd>\n<dd><a href="/wiki/Camille_Flamma', 'c Flint</a> (born 1947)</dd>\n<dd><a href="/wiki/Michael_Flynn_(author)" title="Michael Flynn (author)" class="mw-redirect">Micha', 'el Flynn</a> (born 1947)</dd>\n<dd><a href="/wiki/Charles_L._Fontenay" title="Charles L. Fontenay">Charles L. Fontenay</a> (1917\xe2', '\x80\x932007)</dd>\n<dd><a href="/wiki/Jeffrey_Ford" title="Jeffrey Ford">Jeffrey Ford</a> (born 1955)</dd>\n<dd><a href="/wiki/John_M._', 'hen">William R. Forstchen</a> (born 1950)</dd>\n<dd><a href="/wiki/E._M._Forster" title="E. M. Forster">E. M. Forster</a> (1879\xe2\x80', 'lan Dean Foster</a> (born 1946)</dd>\n<dd><a href="/wiki/M._A._Foster" title="M. A. Foster">M. A. Foster</a> (born 1939)</dd>\n<dd', '><a href="/wiki/Karen_Joy_Fowler" title="Karen Joy Fowler">Karen Joy Fowler</a> (born 1950)</dd>\n<dd><a href="/wiki/Randall_Frak', 'Randall_Frakes">ISFDB</a></dd>\n<dd><a href="/wiki/Herbert_W._Franke" title="Herbert W. Franke">Herbert W. Franke</a> (born 1927)', '</dd>\n<dd><a href="/wiki/Yves_Fremion" title="Yves Fremion" class="mw-redirect">Yves Fremion</a> (born 1940)</dd>\n<dd><a href="/', 'wiki/C._S._Friedman" title="C. S. Friedman" class="mw-redirect">C. S. Friedman</a> (born 1957)</dd>\n<dd><a href="/wiki/Oscar_J._', 'r">Esther Friesner</a> (born 1951)</dd>\n</dl>\n<h2><span class="mw-headline" id="G">G</span><span class="mw-editsection"><span cl', 'il Gaiman</a> (born 1960)</dd>\n<dd><a href="/wiki/Raymond_Z._Gallun" title="Raymond Z. Gallun">Raymond Z. Gallun</a> (1911\xe2\x80\x93199', 'iki/James_Alan_Gardner" title="James Alan Gardner">James Alan Gardner</a> (born 1955)</dd>\n<dd><a href="/wiki/Martin_Gardner" ti', '/dd>\n<dd><a href="/wiki/Mary_Gentle" title="Mary Gentle">Mary Gentle</a> (born 1956)</dd>\n<dd><a href="/wiki/Alistair_Gentry" ti', '">David Gerrold</a> (born 1944)</dd>\n<dd><a href="/wiki/Mark_S._Geston" title="Mark S. Geston">Mark S. Geston</a> (born 1946)</d', 'd>\n<dd><a href="/wiki/Edward_Gibson" title="Edward Gibson">Edward Gibson</a> (born 1936)</dd>\n<dd><a href="/wiki/Gary_Gibson_(au', 'thor)" title="Gary Gibson (author)">Gary Gibson</a> (born 1965)</dd>\n<dd><a href="/wiki/William_Gibson" title="William Gibson">W', 'illiam Gibson</a> (born 1948)</dd>\n<dd><a href="/wiki/Alexis_A._Gilliland" title="Alexis A. Gilliland">Alexis A. Gilliland</a> (', 'born 1931)</dd>\n<dd><a href="/wiki/Molly_Gloss" title="Molly Gloss">Molly Gloss</a> (born 1944)</dd>\n<dd><a href="/wiki/Parke_Go', '" title="Lee Gold">Lee Gold</a> (born 1942)</dd>\n<dd><a href="/wiki/Lisa_Goldstein" title="Lisa Goldstein">Lisa Goldstein</a> (b', 'orn 1953)</dd>\n<dd><a href="/wiki/Kathleen_Ann_Goonan" title="Kathleen Ann Goonan">Kathleen Ann Goonan</a> (born 1952)</dd>\n<dd>', ' (born 1947)</dd>\n<dd><a href="/wiki/Phyllis_Gotlieb" title="Phyllis Gotlieb">Phyllis Gotlieb</a> (1926\xe2\x80\x932009)</dd>\n<dd><a href', '="/wiki/Ron_Goulart" title="Ron Goulart">Ron Goulart</a> (born 1933)</dd>\n<dd><a href="/wiki/Charles_L._Grant" title="Charles L.', '(born 1944)</dd>\n<dd><a href="/wiki/Colin_Greenland" title="Colin Greenland">Colin Greenland</a> (born 1954)</dd>\n<dd><a href="/', 'wiki/William_Greenleaf" title="William Greenleaf">William Greenleaf</a> (born 1948)</dd>\n<dd><a href="/wiki/Lois_Gresh" title="L', 'ois Gresh" class="mw-redirect">Lois Gresh</a> (born 1965)</dd>\n<dd><a href="/wiki/George_Griffith" title="George Griffith">Georg', 'e Griffith</a> (1857\xe2\x80\x931906)</dd>\n<dd><a href="/wiki/Nicola_Griffith" title="Nicola Griffith">Nicola Griffith</a> (born 1960)</d', 'd>\n<dd><a href="/wiki/Jon_Courtenay_Grimwood" title="Jon Courtenay Grimwood">Jon Courtenay Grimwood</a> (born 1953)</dd>\n<dd><a ', '\xd1\x80 \xd0\x9d\xd0\xb8\xd0\xba\xd0\xbe\xd0\xbb\xc3\xa1\xd0\xb5\xd0\xb2\xd0\xb8\xd1\x87 \xd0\x93\xd1\x80\xc3\xb3\xd0\xbc\xd0\xbe\xd0\xb2)</dd>\n<dd><a href="/wiki/Martin_Grzimek" title="Martin Grzimek">Martin Grzimek</a> (born 19', 'le="Eileen Gunn">Eileen Gunn</a> (born 1945)</dd>\n<dd><a href="/wiki/James_Gunn_(author)" title="James Gunn (author)">James E. G', 'unn</a> (born 1923)</dd>\n</dl>\n<h2><span class="mw-headline" id="H">H</span><span class="mw-editsection"><span class="mw-editsec', 'iv>\n<dl>\n<dd><a href="/wiki/PJ_Haarsma" title="PJ Haarsma">PJ Haarsma</a> (born 1964)</dd>\n<dd><a href="/wiki/Karen_Haber" title', '="Karen Haber">Karen Haber</a> (born 1955)</dd>\n<dd><a href="/wiki/H._Rider_Haggard" title="H. Rider Haggard">H. Rider Haggard</', 'a> (1856 \xe2\x80\x93 1925)</dd>\n<dd><a href="/wiki/Ronald_M._Hahn" title="Ronald M. Hahn">Ronald M. Hahn</a> (born 1948)</dd>\n<dd><a hre', 'ldeman" title="Joe Haldeman">Joe Haldeman</a> (born 1943)</dd>\n<dd><a href="/wiki/Barbara_Hambly" title="Barbara Hambly">Barbara', ' Hambly</a> (born 1951)</dd>\n<dd><a href="/wiki/Edmond_Hamilton" title="Edmond Hamilton">Edmond Hamilton</a> (1904 \xe2\x80\x93 77)</dd>\n', '<dd><a href="/wiki/Peter_F._Hamilton" title="Peter F. Hamilton">Peter F. Hamilton</a> (born 1960)</dd>\n<dd><a href="/wiki/Elizab', 'eth_Hand" title="Elizabeth Hand">Elizabeth Hand</a> (born 1957)</dd>\n<dd><a href="/wiki/Lee_Harding_(writer)" title="Lee Harding', ' (writer)">Lee Harding</a> (born 1937)</dd>\n<dd><a href="/wiki/Charles_L._Harness" title="Charles L. Harness">Charles L. Harness', '</a> (1915 \xe2\x80\x93 2005)</dd>\n<dd><a href="/wiki/Tara_K._Harper" title="Tara K. Harper">Tara K. Harper</a> (born 1961)</dd>\n<dd><a h', 'title="M. John Harrison">M. John Harrison</a> (born 1945)</dd>\n<dd><a href="/wiki/Henry_Hasse" title="Henry Hasse">Henry Hasse</', 'a> (1913 \xe2\x80\x93 77)</dd>\n<dd><a href="/wiki/Simon_Hawke" title="Simon Hawke">Simon Hawke</a> (born 1951)</dd>\n<dd><a href="/wiki/Pe', 'ter_Heck" title="Peter Heck">Peter Heck</a> (born 1941)</dd>\n<dd><a href="/wiki/Robert_A._Heinlein" title="Robert A. Heinlein">R', ' 83)</dd>\n<dd><a href="/wiki/Brian_Herbert" title="Brian Herbert">Brian Herbert</a> (born 1947)</dd>\n<dd><a href="/wiki/Frank_He', 's_Hill" title="Douglas Hill">Douglas Hill</a> (born 1935)</dd>\n<dd><a href="/wiki/Ernest_Hill_(author)" title="Ernest Hill (auth', 'or)">Ernest Hill</a> (1915\xe2\x80\x932003)</dd>\n<dd><a href="/wiki/Christopher_Hinz" title="Christopher Hinz">Christopher Hinz</a> (born', ' 1951)</dd>\n<dd><a href="/wiki/Morioka_Hiroyuki" title="Morioka Hiroyuki" class="mw-redirect">Morioka Hiroyuki</a> (born 1962) (', 'in Japanese \xe6\xa3\xae\xe5\xb2\xa1\xe6\xb5\xa9\xe4\xb9\x8b)</dd>\n<dd><a href="/wiki/P._C._Hodgell" title="P. C. Hodgell">P. C. Hodgell</a> (born 1951)</dd>\n<dd><a', '_Hoffman" title="Lee Hoffman">Lee Hoffman</a> (born 1932)</dd>\n<dd><a href="/wiki/Ludvig_Holberg" title="Ludvig Holberg">Ludvig ', '2010)</dd>\n<dd><a href="/wiki/Elizabeth_Holden" title="Elizabeth Holden" class="mw-redirect">Elizabeth Holden</a> (born 1943)</d', 'lo_Hopkinson" title="Nalo Hopkinson">Nalo Hopkinson</a> (born 1960)</dd>\n<dd><a href="/wiki/Shinichi_Hoshi" title="Shinichi Hosh', 'ek_Huberath" title="Marek Huberath">Marek Huberath</a> (born 1954)</dd>\n<dd><a href="/wiki/Matt_Hughes_(writer)" title="Matt Hug', 'hes (writer)">Matt Hughes</a> (born 1949)</dd>\n<dd><a href="/wiki/Monica_Hughes" title="Monica Hughes">Monica Hughes</a> (1925 \xe2', 'tephen Hunt</a> (born 1966)</dd>\n<dd><a href="/wiki/Aldous_Huxley" title="Aldous Huxley">Aldous Huxley</a> (1894 \xe2\x80\x93 1963)</dd>\n', 'ass="mw-editsection-bracket">]</span></span></h2>\n<dl>\n<dd><a href="/wiki/Dean_Ing" title="Dean Ing">Dean Ing</a> (born 1931)</d', 'd>\n<dd><a href="/wiki/Simon_Ings" title="Simon Ings">Simon Ings</a> (born 1965)</dd>\n<dd><a href="/wiki/Muhammed_Zafar_Iqbal" ti', 'tle="Muhammed Zafar Iqbal">Muhammed Zafar Iqbal</a> (born 1952), the best-known <a href="/wiki/Bangladeshi_people" title="Bangla', 'le="John Jakes">John Jakes</a> (born 1932)</dd>\n<dd><a href="/wiki/Phil_Janes" title="Phil Janes">Phil Janes</a></dd>\n<dd><a hre', ' title="Wolfgang Jeschke">Wolfgang Jeschke</a> (born 1936)</dd>\n<dd><a href="/wiki/K._W._Jeter" title="K. W. Jeter">K. W. Jeter<', '/a> (born 1950)</dd>\n<dd><a href="/wiki/Michel_Jeury" title="Michel Jeury">Michel Jeury</a> (born 1934)</dd>\n<dd><a href="/wiki/', 'George_Clayton_Johnson" title="George Clayton Johnson">George Clayton Johnson</a> (born 1929)</dd>\n<dd><a href="/wiki/D._F._Jone', '="Gwyneth Jones (novelist)">Gwyneth Jones</a> (born 1952)</dd>\n<dd><a href="/wiki/Neil_R._Jones" title="Neil R. Jones">Neil R. J', 'M. K. Joseph</a> (1914\xe2\x80\x931981)</dd>\n<dd><a href="/wiki/Theodore_Judson" title="Theodore Judson">Theodore Judson</a> (born 1951)<', '(born 1941)</dd>\n<dd><a href="/wiki/Colin_Kapp" title="Colin Kapp">Colin Kapp</a> (1928\xe2\x80\x932007)</dd>\n<dd><a href="/wiki/Alexande', '">James Patrick Kelly</a> (born 1951)</dd>\n<dd><a href="/wiki/Steven_L._Kent" title="Steven L. Kent">Steven L. Kent</a> (born 19', '28)</dd>\n<dd><a href="/wiki/Katharine_Kerr" title="Katharine Kerr">Katharine Kerr</a> (born 1944)</dd>\n<dd><a href="/wiki/John_K', 'essel" title="John Kessel">John Kessel</a> (born 1950)</dd>\n<dd><a href="/wiki/Roy_Kettle" title="Roy Kettle">Roy Kettle</a> (bo', 'niel_Keyes" title="Daniel Keyes">Daniel Keyes</a> (born 1927)</dd>\n<dd><a href="/wiki/Gregory_Keyes" title="Gregory Keyes">Grego', 'ry Keyes</a> (born 1963)</dd>\n<dd><a href="/wiki/David_Kier" title="David Kier">David Kier</a> (born 1943)</dd>\n<dd><a href="/wi', 'ki/Caitl%C3%ADn_R._Kiernan" title="Caitl\xc3\xadn R. Kiernan">Caitl\xc3\xadn R. Kiernan</a> (born 1964)</dd>\n<dd><a href="/wiki/Lee_Killough', '_(author)" title="Lee Killough (author)">Lee Killough</a> (born 1942)</dd>\n<dd><a href="/wiki/Wade_A._Kimberlin" title="Wade A. ', 'Kimberlin">Wade A. Kimberlin</a> (born 1970)</dd>\n<dd><a href="/wiki/Sara_King" title="Sara King">Sara King</a> (born 1982)</dd>', '\n<dd><a href="/wiki/Stephen_King" title="Stephen King">Stephen King</a> (born 1947)</dd>\n<dd><a href="/wiki/T._Jackson_King" tit', 'le="T. Jackson King">T. Jackson King</a> (born 1948)</dd>\n<dd><a href="/wiki/Vincent_King" title="Vincent King">Vincent King</a>', ' (born 1935)</dd>\n<dd><a href="/wiki/John_Kippax" title="John Kippax">John Kippax</a> (1915\xe2\x80\x931974)</dd>\n<dd><a href="/wiki/Anne', 'ld Kingsbury">Donald Kingsbury</a> (born 1929)</dd>\n<dd><a href="/wiki/Hugh_Kingsmill" title="Hugh Kingsmill">Hugh Kingsmill</a>', ' (1889\xe2\x80\x931949)</dd>\n<dd><a href="/wiki/David_Barr_Kirtley" title="David Barr Kirtley">David Barr Kirtley</a> (born 1977)</dd>\n<d', 'd><a href="/wiki/G%C3%A9rard_Klein" title="G\xc3\xa9rard Klein">G\xc3\xa9rard Klein</a> (born 1937)</dd>\n<dd><a href="/wiki/Nigel_Kneale" ti', '922\xe2\x80\x932002)</dd>\n<dd><a href="/wiki/Dean_R._Koontz" title="Dean R. Koontz" class="mw-redirect">Dean R. Koontz</a> (born 1945)</d', 'i/Tom_Kratman" title="Tom Kratman">Tom Kratman</a> (born 1956)</dd>\n<dd><a href="/wiki/Nancy_Kress" title="Nancy Kress">Nancy Kr', 'ess</a> (born 1948)</dd>\n<dd><a href="/wiki/G%C3%BCnther_Krupkat" title="G\xc3\xbcnther Krupkat">G\xc3\xbcnther Krupkat</a> (1905\xe2\x80\x931990)</d', 'd>\n<dd><a href="/wiki/Zoran_Kru%C5%A1var" title="Zoran Kru\xc5\xa1var">Zoran Kru\xc5\xa1var</a> (born 1977)</dd>\n<dd><a href="/wiki/Michael_', 'P._Kube-McDowell" title="Michael P. Kube-McDowell">Michael P. Kube-McDowell</a> (born 1954)</dd>\n<dd><a href="/wiki/Michael_Kurl', 'and" title="Michael Kurland">Michael Kurland</a> (born 1938)</dd>\n<dd><a href="/wiki/Henry_Kuttner" title="Henry Kuttner">Henry ', '14\xe2\x80\x932002)</dd>\n<dd><a href="/wiki/Geoffrey_Landis" title="Geoffrey Landis" class="mw-redirect">Geoffrey Landis</a> (born 1955)<', '/dd>\n<dd><a href="/wiki/David_Langford" title="David Langford">David Langford</a> (born 1953)</dd>\n<dd><a href="/wiki/Sterling_E', 'ustine Larbalestier">Justine Larbalestier</a> (born 1967)</dd>\n<dd><a href="/wiki/Glen_A._Larson" title="Glen A. Larson">Glen A.', ' Larson</a> (born 1937)</dd>\n<dd><a href="/wiki/Kurd_Lasswitz" title="Kurd Lasswitz">Kurd Lasswitz</a> (1848\xe2\x80\x931910)</dd>\n<dd><a', '="Stephen R. Lawhead">Stephen R. Lawhead</a> (born 1950)</dd>\n<dd><a href="/wiki/Ursula_K._Le_Guin" title="Ursula K. Le Guin">Ur', 'sula K. Le Guin</a> (born 1929)</dd>\n<dd><a href="/wiki/Gentry_Lee" title="Gentry Lee">Gentry Lee</a> (born 1942)</dd>\n<dd><a hr', 'ef="/wiki/Mary_Soon_Lee" title="Mary Soon Lee">Mary Soon Lee</a> (born 1965)</dd>\n<dd><a href="/wiki/Sharon_Lee_(writer)" title=', '"Sharon Lee (writer)">Sharon Lee</a> (born 1952)</dd>\n<dd><a href="/wiki/Stan_Lee" title="Stan Lee">Stan Lee</a> (born 1922)</dd', '>\n<dd><a href="/wiki/Tanith_Lee" title="Tanith Lee">Tanith Lee</a> (born 1947)</dd>\n<dd><a href="/wiki/Yoon_Ha_Lee" title="Yoon ', 'Ha Lee">Yoon Ha Lee</a> (born 1979)</dd>\n<dd><a href="/wiki/Kimmo_Lehtonen" title="Kimmo Lehtonen">Kimmo Lehtonen</a> (born 1967', 'ner">Edward M. Lerner</a> (born 1949)</dd>\n<dd><a href="/wiki/Doris_Lessing" title="Doris Lessing">Doris Lessing</a> (1919\xe2\x80\x93201', '3)</dd>\n<dd><a href="/wiki/Jonathan_Lethem" title="Jonathan Lethem">Jonathan Lethem</a> (born 1964)</dd>\n<dd><a href="/wiki/Paul', '_Levinson" title="Paul Levinson">Paul Levinson</a> (born 1947)</dd>\n<dd><a href="/wiki/Roger_Levy" title="Roger Levy">Roger Levy', 'itt" title="Shariann Lewitt">Shariann Lewitt</a> (born 1954)</dd>\n<dd><a href="/wiki/Jacqueline_Lichtenberg" title="Jacqueline L', 'ichtenberg">Jacqueline Lichtenberg</a> (born 1942)</dd>\n<dd><a href="/wiki/Brad_Linaweaver" title="Brad Linaweaver">Brad Linawea', 'ver</a> (born 1952)</dd>\n<dd><a href="/wiki/D%C3%A9nis_Lindbohm" title="D\xc3\xa9nis Lindbohm">D\xc3\xa9nis Lindbohm</a> (1927\xe2\x80\x932005)</dd>\n', '<dd><a href="/wiki/Liu_Cixin" title="Liu Cixin">Liu Cixin</a> (born 1963)</dd>\n<dd><a href="/wiki/John_Uri_Lloyd" title="John Ur', '</dd>\n<dd><a href="/wiki/Barry_B._Longyear" title="Barry B. Longyear">Barry B. Longyear</a> (born 1942)</dd>\n<dd><a href="/wiki/', 'Jean_Lorrah" title="Jean Lorrah">Jean Lorrah</a> (born 1938)</dd>\n<dd><a href="/wiki/H._P._Lovecraft" title="H. P. Lovecraft">H.', '>\n<dd><a href="/wiki/Lois_Lowry" title="Lois Lowry">Lois Lowry</a> (born 1937)</dd>\n<dd><a href="/wiki/George_Lucas" title="Geor', 'ge Lucas">George Lucas</a> (born 1944), <i><a href="/wiki/Star_Wars" title="Star Wars">Star Wars</a></i></dd>\n<dd><a href="/wiki', '> (born 1971)</dd>\n<dd><a href="/wiki/Sergey_Lukyanenko" title="Sergey Lukyanenko" class="mw-redirect">Sergey Lukyanenko</a> (bo', 'rn 1968)</dd>\n<dd><a href="/wiki/Sam_Lundwall" title="Sam Lundwall" class="mw-redirect">Sam Lundwall</a> (born 1941)</dd>\n<dd><a', ' href="/wiki/Duncan_Lunan" title="Duncan Lunan">Duncan Lunan</a> (born 1945)</dd>\n<dd><a href="/wiki/Richard_A._Lupoff" title="R', 'ichard A. Lupoff">Richard A. Lupoff</a> (born 1935)</dd>\n</dl>\n<h2><span class="mw-headline" id="M">M</span><span class="mw-edit', '</a></div>\nJames Morrow, 2007</div>\n</div>\n</div>\n<dl>\n<dd><a href="/wiki/Darko_Macan" title="Darko Macan">Darko Macan</a> (born', ' 1966)</dd>\n<dd><a href="/wiki/James_D._Macdonald" title="James D. Macdonald">James D. Macdonald</a> (born 1954)</dd>\n<dd><a hre', 'acLean">Katherine MacLean</a> (born 1925)</dd>\n<dd><a href="/wiki/Ian_R._MacLeod" title="Ian R. MacLeod">Ian R. MacLeod</a> (bor', 'n 1956)</dd>\n<dd><a href="/wiki/Ken_MacLeod" title="Ken MacLeod">Ken MacLeod</a> (born 1954)</dd>\n<dd><a href="/wiki/Angus_MacVi', ' (born 1945)</dd>\n<dd><a href="/wiki/Charles_Eric_Maine" title="Charles Eric Maine">Charles Eric Maine</a> (1921\xe2\x80\x931981) (pseudo', '<a href="/wiki/Daryl_F._Mallett" title="Daryl F. Mallett">Daryl F. Mallett</a> (born 1969)</dd>\n<dd><a href="/wiki/Barry_N._Malz', 'berg" title="Barry N. Malzberg">Barry N. Malzberg</a> (born 1939)</dd>\n<dd><a href="/wiki/Laurence_Manning" title="Laurence Mann', '975)</dd>\n<dd><a href="/wiki/Stephen_Marley_(writer)" title="Stephen Marley (writer)">Stephen Marley</a> (born 1946)</dd>\n<dd><a', '. Martin">George R. R. Martin</a> (born 1948)</dd>\n<dd><a href="/wiki/David_Marusek" title="David Marusek">David Marusek</a> (bo', 'wiki/Julian_May" title="Julian May">Julian May</a> (born 1931)</dd>\n<dd><a href="/wiki/Ged_Maybury" title="Ged Maybury">Ged Mayb', 'ury</a> (born 1953)</dd>\n<dd><a href="/wiki/Paul_J._McAuley" title="Paul J. McAuley">Paul J. McAuley</a> (born 1955)</dd>\n<dd><a', '="Wil McCarthy">Wil McCarthy</a> (born 1966)</dd>\n<dd><a href="/wiki/David_McDaniel" title="David McDaniel">David McDaniel</a> (', '1944\xe2\x80\x931977)</dd>\n<dd><a href="/wiki/Jack_McDevitt" title="Jack McDevitt">Jack McDevitt</a> (born 1935)</dd>\n<dd><a href="/wiki/', 'Ian_McDonald_(author)" title="Ian McDonald (author)" class="mw-redirect">Ian McDonald</a> (born 1960)</dd>\n<dd><a href="/wiki/Ma', 'ureen_F._McHugh" title="Maureen F. McHugh">Maureen F. McHugh</a> (born 1959)</dd>\n<dd><a href="/wiki/J._T._McIntosh" title="J. T', 'Vonda McIntyre</a> (born 1948)</dd>\n<dd><a href="/wiki/Neil_McMahon" title="Neil McMahon">Neil McMahon</a> (born 1949)</dd>\n<dd>', '<a href="/wiki/Sean_McMullen" title="Sean McMullen">Sean McMullen</a> (born 1948)</dd>\n<dd><a href="/wiki/Mike_McQuay" title="Mi', 'ke McQuay">Mike McQuay</a> (1949\xe2\x80\x931995)</dd>\n<dd><a href="/wiki/John_Meaney" title="John Meaney">John Meaney</a> (born 1951)</d', 'wiki/Robert_A._Metzger" title="Robert A. Metzger">Robert A. Metzger</a> (born 1956)</dd>\n<dd><a href="/wiki/Gustav_Meyrink" titl', 'i\xc3\xa9ville</a> (born 1972)</dd>\n<dd><a href="/wiki/P._Schuyler_Miller" title="P. Schuyler Miller">P. Schuyler Miller</a> (1912\xe2\x80\x931', ' title="Kirk Mitchell">Kirk Mitchell</a> (born 1950)</dd>\n<dd><a href="/wiki/Syne_Mitchell" title="Syne Mitchell">Syne Mitchell<', '/a> (born 1970)</dd>\n<dd><a href="/wiki/Naomi_Mitchison" title="Naomi Mitchison">Naomi Mitchison</a> (1897\xe2\x80\x931999)</dd>\n<dd><a h', '." title="L. E. Modesitt, Jr.">L. E. Modesitt, Jr.</a> (born 1943)</dd>\n<dd><a href="/wiki/Donald_Moffitt" title="Donald Moffitt', '">Donald Moffitt</a> (born 1936)</dd>\n<dd><a href="/wiki/Elizabeth_Moon" title="Elizabeth Moon">Elizabeth Moon</a> (born 1945)</', 'dd>\n<dd><a href="/wiki/Michael_Moorcock" title="Michael Moorcock">Michael Moorcock</a> (born 1939)</dd>\n<dd><a href="/wiki/Alan_', 'Moore" title="Alan Moore">Alan Moore</a> (born 1953)</dd>\n<dd><a href="/wiki/C._L._Moore" title="C. L. Moore">C. L. Moore</a> (1', '">Daniel Keys Moran</a> (born 1962)</dd>\n<dd><a href="/wiki/Dan_Morgan_(writer)" title="Dan Morgan (writer)">Dan Morgan</a> (192', '> (born 1965)</dd>\n<dd><a href="/wiki/Chris_Moriarty" title="Chris Moriarty">Chris Moriarty</a> (born 1968)</dd>\n<dd><a href="/w', 'iki/Chris_Morris_(author)" title="Chris Morris (author)">Chris Morris</a> (born 1946)</dd>\n<dd><a href="/wiki/Janet_Morris" titl', 'e="Janet Morris">Janet Morris</a> (born 1946)</dd>\n<dd>William Morrison, (1906\xe2\x80\x931982) (pseudonym of <a href="/wiki/Joseph_Samac', 'ct">James Morrow</a> (born 1947)</dd>\n<dd><a href="/wiki/Sam_Moskowitz" title="Sam Moskowitz">Sam Moskowitz</a> (1920\xe2\x80\x931997)</d', 'd>\n<dd><a href="/wiki/Pat_Murphy_(writer)" title="Pat Murphy (writer)">Pat Murphy</a> (born 1955)</dd>\n</dl>\n<h2><span class="mw', 'ry Niven</b></div>\n</div>\n</div>\n<dl>\n<dd><a href="/wiki/Linda_Nagata" title="Linda Nagata">Linda Nagata</a> (born 1960)</dd>\n<d', 'd><a href="/wiki/Jayant_Narlikar" title="Jayant Narlikar">Jayant Narlikar</a> (born 1938) (Marathi: \xe0\xa4\x9c\xe0\xa4\xaf\xe0\xa4\x82\xe0\xa4\xa4 \xe0\xa4\xb5\xe0\xa4\xbf\xe0\xa4\xb7\xe0\xa5\x8d\xe0\xa4\xa3', '\xe0\xa5\x82 \xe0\xa4\xa8\xe0\xa4\xbe\xe0\xa4\xb0\xe0\xa4\xb3\xe0\xa5\x80\xe0\xa4\x95\xe0\xa4\xb0)</dd>\n<dd><a href="/wiki/Ondrej_Neff" title="Ondrej Neff" class="mw-redirect">Ondrej Neff</a> (born 19', '45)</dd>\n<dd><a href="/wiki/Geoff_Nelder" title="Geoff Nelder">Geoff Nelder</a> (born 1947)</dd>\n<dd><a href="/wiki/Ray_Nelson" ', 'title="Ray Nelson">Ray Nelson</a> (born 1931)</dd>\n<dd><a href="/wiki/Istv%C3%A1n_Nemere" title="Istv\xc3\xa1n Nemere">Istv\xc3\xa1n Nemere<', '/a> (born 1944)</dd>\n<dd><a href="/wiki/Josef_Nesvadba" title="Josef Nesvadba">Josef Nesvadba</a> (1926\xe2\x80\x932005)</dd>\n<dd><a href', '/a> \xd0\xae\xd1\x80\xd0\xb8\xd0\xb9 \xd0\x9d\xd0\xb8\xd0\xba\xd0\xb8\xd1\x82\xd0\xb8\xd0\xbd) (born 1939)</dd>\n<dd><a href="/wiki/Larry_Niven" title="Larry Niven">Larry Niven</a> (born 1938)</d', '._Nolan" title="William F. Nolan">William F. Nolan</a> (born 1928)</dd>\n<dd><a href="/wiki/Jeff_Noon" title="Jeff Noon">Jeff Noo', 'n</a> (born 1957)</dd>\n<dd><a href="/wiki/John_Norman" title="John Norman">John Norman</a> (born 1931), the <i><a href="/wiki/Go', 'r" title="Gor">Gor</a></i> series</dd>\n<dd><a href="/wiki/Lisanne_Norman" title="Lisanne Norman">Lisanne Norman</a> (born 1951)<', ' (born 1964)</dd>\n</dl>\n<h2><span class="mw-headline" id="O">O</span><span class="mw-editsection"><span class="mw-editsection-br', 'n_O%27Donnell,_Jr." title="Kevin O\'Donnell, Jr.">Kevin O\'Donnell, Jr.</a> (born 1950)</dd>\n<dd><a href="/wiki/Patrick_O%27Leary_', '(writer)" title="Patrick O\'Leary (writer)">Patrick O\'Leary</a> (born 1952)</dd>\n<dd><a href="/wiki/Vladimir_Obruchev" title="Vla', ' Offutt</a> (born 1934)</dd>\n<dd><a href="/wiki/Nnedi_Okorafor" title="Nnedi Okorafor">Nnedi Okorafor</a> (born 1974)</dd>\n<dd><', 'Oltion">Jerry Oltion</a> (born 1957)</dd>\n<dd><a href="/wiki/John_Ostrander" title="John Ostrander">John Ostrander</a> (born 194', '9)</dd>\n<dd><a href="/wiki/Jerry_Ordway" title="Jerry Ordway">Jerry Ordway</a> (born 1957)</dd>\n<dd><a href="/wiki/Marek_Oramus"', ' title="Marek Oramus">Marek Oramus</a> (born 1952)</dd>\n<dd><a href="/wiki/Rebecca_Ore" title="Rebecca Ore">Rebecca Ore</a> (bor', 'de</a></i></dd>\n<dd><a href="/wiki/David_R._Palmer" title="David R. Palmer">David R. Palmer</a> (born 1941)</dd>\n<dd><a href="/w', 'iki/Raymond_A._Palmer" title="Raymond A. Palmer">Raymond A. Palmer</a> (1910\xe2\x80\x931977)</dd>\n<dd><a href="/wiki/Edgar_Pangborn" tit', 'le="Edgar Pangborn">Edgar Pangborn</a> (1909\xe2\x80\x931976)</dd>\n<dd><a href="/wiki/Alexei_Panshin" title="Alexei Panshin">Alexei Pansh', 'in</a> (born 1940)</dd>\n<dd><a href="/wiki/Cory_Panshin" title="Cory Panshin">Cory Panshin</a>, born (1947)</dd>\n<dd><a href="/w', 'iki/James_Patterson" title="James Patterson">James Patterson</a> (born 1947)</dd>\n<dd><a href="/wiki/Stel_Pavlou" title="Stel Pa', 'vlou">Stel Pavlou</a> (born 1970)</dd>\n<dd><a href="/wiki/Donald_G._Payne" title="Donald G. Payne">Donald G. Payne</a> (born 192', 'irce">Hayford Peirce</a> (born 1942)</dd>\n<dd><a href="/wiki/Charles_Pellegrino" title="Charles Pellegrino" class="mw-redirect">', 'Charles Pellegrino</a> (born 1953)</dd>\n<dd><a href="/wiki/Lawrence_Person" title="Lawrence Person" class="mw-redirect">Lawrence', ' Person</a> (born 1965)</dd>\n<dd><a href="/wiki/Steve_Perry_(author)" title="Steve Perry (author)">Steve Perry</a> (born 1947)</', 'arge Piercy">Marge Piercy</a> (born 1936)</dd>\n<dd><a href="/wiki/H._Beam_Piper" title="H. Beam Piper">H. Beam Piper</a> (1904\xe2\x80', '\x931964)</dd>\n<dd><a href="/wiki/Doris_Piserchia" title="Doris Piserchia">Doris Piserchia</a> (born 1928)</dd>\n<dd><a href="/wiki/', 'Brian_Plante" title="Brian Plante">Brian Plante</a> (born 1956)</dd>\n<dd><a href="/wiki/Charles_Platt_(science-fiction_author)" ', 'title="Charles Platt (science-fiction author)" class="mw-redirect">Charles Platt</a> (born 1945)</dd>\n<dd><a href="/wiki/P._J._P', 'lauger" title="P. J. Plauger">P. J. Plauger</a> (born 1944)</dd>\n<dd><a href="/wiki/Van_Allen_Plexico" title="Van Allen Plexico"', '>Van Allen Plexico</a> (born 1968)</dd>\n<dd><a href="/wiki/Edgar_Allan_Poe" title="Edgar Allan Poe">Edgar Allan Poe</a> (1809\xe2\x80\x93', 'erry Pournelle</a> (born 1933)</dd>\n<dd><a href="/wiki/Tim_Powers" title="Tim Powers">Tim Powers</a> (born 1952)</dd>\n<dd><a hre', 'f="/wiki/Terry_Pratchett" title="Terry Pratchett">Terry Pratchett</a> (born 1948), <i><a href="/wiki/Discworld" title="Discworld', 'd>\n<dd><a href="/wiki/Paul_Preuss_(author)" title="Paul Preuss (author)">Paul Preuss</a> (born 1942)</dd>\n<dd><a href="/wiki/Chr', 'rn 1943)</dd>\n<dd><a href="/wiki/Philip_Pullman" title="Philip Pullman">Philip Pullman</a> (born 1946)</dd>\n</dl>\n<h2><span clas', '-bracket">]</span></span></h2>\n<dl>\n<dd><a href="/wiki/Roberto_Quaglia" title="Roberto Quaglia">Roberto Quaglia</a> (born 1962)<', '/dd>\n<dd><a href="/wiki/William_Thomas_Quick" title="William Thomas Quick">William Thomas Quick</a> (born 1946)</dd>\n<dd><a href', '="/wiki/Daniel_Quinn" title="Daniel Quinn">Daniel Quinn</a> (born 1935)</dd>\n</dl>\n<h2><span class="mw-headline" id="R">R</span>', 'fdb.org/cgi-bin/ea.cgi?Bill_Ransom">ISFDB</a></dd>\n<dd><a href="/wiki/Carlos_Rasch" title="Carlos Rasch">Carlos Rasch</a> (born ', '1932)</dd>\n<dd><a href="/wiki/Melanie_Rawn" title="Melanie Rawn">Melanie Rawn</a> (born 1954)</dd>\n<dd><a href="/wiki/Satyajit_R', '\xe2\x80\x931977)</dd>\n<dd><a href="/wiki/Robert_Reed_(author)" title="Robert Reed (author)">Robert Reed</a> (born 1956)</dd>\n<dd><a href', '="/wiki/Miha_Remec" title="Miha Remec">Miha Remec</a> (born 1928)</dd>\n<dd><a href="/wiki/Laura_Resnick" title="Laura Resnick">L', 'aura Resnick</a> (born 1962)</dd>\n<dd><a href="/wiki/Mike_Resnick" title="Mike Resnick">Mike Resnick</a> (born 1942)</dd>\n<dd><a', ' href="/wiki/Alastair_Reynolds" title="Alastair Reynolds">Alastair Reynolds</a> (born 1966)</dd>\n<dd><a href="/wiki/Mack_Reynold', 'stopher Rice</a> (born 1978)</dd>\n<dd><a href="/wiki/John_Ringo" title="John Ringo">John Ringo</a> (born 1963)</dd>\n<dd><a href=', '"/wiki/Adam_Roberts_(British_writer)" title="Adam Roberts (British writer)">Adam Roberts</a> (born 1965)</dd>\n<dd><a href="/wiki', '. Roberts">Shauna S. Roberts</a> (born 1956)</dd>\n<dd><a href="/wiki/Frank_M._Robinson" title="Frank M. Robinson">Frank M. Robin', 'son</a> (born 1926)</dd>\n<dd><a href="/wiki/Jeanne_Robinson" title="Jeanne Robinson">Jeanne Robinson</a> (1948\xe2\x80\x932010)</dd>\n<dd>', '<a href="/wiki/Kim_Stanley_Robinson" title="Kim Stanley Robinson">Kim Stanley Robinson</a> (born 1952)</dd>\n<dd><a href="/wiki/S', 'pider_Robinson" title="Spider Robinson">Spider Robinson</a> (born 1948)</dd>\n<dd><a href="/wiki/Justina_Robson" title="Justina R', 'obson">Justina Robson</a> (born 1968)</dd>\n<dd><a href="/wiki/Esther_Rochon" title="Esther Rochon">Esther Rochon</a>(born 1948)<', '/a></i></dd>\n<dd><a href="/wiki/Simon_Rose_(author)" title="Simon Rose (author)">Simon Rose</a> (born 1961)</dd>\n<dd><a href="/w', 'iki/Joel_Rosenberg_(science_fiction_author)" title="Joel Rosenberg (science fiction author)">Joel Rosenberg</a> (born 1954), <i>', 'ss</a> (born 1973)</dd>\n<dd><a href="/wiki/Milton_A._Rothman" title="Milton A. Rothman">Milton A. Rothman</a> (1919\xe2\x80\x932001)</dd>', '\n<dd><a href="/wiki/Tony_Rothman" title="Tony Rothman">Tony Rothman</a> (born 1953)</dd>\n<dd><a href="/wiki/William_Rotsler" tit', 'ristopher Rowley</a> (born 1948)</dd>\n<dd><a href="/wiki/Rudy_Rucker" title="Rudy Rucker">Rudy Rucker</a> (born 1946)</dd>\n<dd><', 'a href="/wiki/Kristine_Kathryn_Rusch" title="Kristine Kathryn Rusch">Kristine Kathryn Rusch</a> (born 1960)</dd>\n<dd><a href="/w', ' Russo">Richard Paul Russo</a> (born 1954)</dd>\n<dd><a href="/wiki/Eric_Frank_Russell" title="Eric Frank Russell">Eric Frank Rus', 'sell</a> (1905\xe2\x80\x931978)</dd>\n<dd><a href="/wiki/Mary_Doria_Russell" title="Mary Doria Russell">Mary Doria Russell</a> (born 1950)', '</dd>\n<dd><a href="/wiki/Geoff_Ryman" title="Geoff Ryman">Geoff Ryman</a> (born 1951)</dd>\n</dl>\n<h2><span class="mw-headline" i', 'gan">Carl Sagan</a> (1934\xe2\x80\x931996)</dd>\n<dd><a href="/wiki/Nick_Sagan" title="Nick Sagan">Nick Sagan</a> (born 1970)</dd>\n<dd><a ', 'Domingo Santos</a> (born 1941) (pseudonym of Pedro Domingo Muti\xc3\xb1\xc3\xb3)</dd>\n<dd><a href="/wiki/Pamela_Sargent" title="Pamela Sarge', 'nt">Pamela Sargent</a> (born 1948)</dd>\n<dd><a href="/wiki/Al_Sarrantonio" title="Al Sarrantonio">Al Sarrantonio</a> (born 1952)', '</dd>\n<dd><a href="/wiki/Robert_J._Sawyer" title="Robert J. Sawyer">Robert J. Sawyer</a> (born 1960)</dd>\n<dd><a href="/wiki/Joh', 'n_Scalzi" title="John Scalzi">John Scalzi</a> (born 1969)</dd>\n<dd><a href="/wiki/Nat_Schachner" title="Nat Schachner">Nat Schac', 'Schmidt" title="Stanley Schmidt">Stanley Schmidt</a> (born 1944)</dd>\n<dd><a href="/wiki/Karl_Schroeder" title="Karl Schroeder">', 'Karl Schroeder</a> (born 1962)</dd>\n<dd><a href="/wiki/J._Neil_Schulman" title="J. Neil Schulman">J. Neil Schulman</a> (born 195', '3)</dd>\n<dd><a href="/wiki/George_H._Scithers" title="George H. Scithers">George H. Scithers</a> (born 1929)</dd>\n<dd><a href="/', 'hapiro</a> (born 1978)</dd>\n<dd><a href="/wiki/William_Shatner" title="William Shatner">William Shatner</a> (born 1931)</dd>\n<dd', 'hawl</a> (born 1955)</dd>\n<dd><a href="/wiki/Robert_Sheckley" title="Robert Sheckley">Robert Sheckley</a> (1928\xe2\x80\x932005)</dd>\n<dd', ' Shepard</a> (born 1947)</dd>\n<dd><a href="/wiki/Joel_Shepherd" title="Joel Shepherd">Joel Shepherd</a> (born 1974)</dd>\n<dd><a ', 'herred">T. L. Sherred</a> (1915\xe2\x80\x931985)</dd>\n<dd><a href="/wiki/Lewis_Shiner" title="Lewis Shiner">Lewis Shiner</a> (born 1950)<', '/dd>\n<dd><a href="/wiki/Sharon_Shinn" title="Sharon Shinn">Sharon Shinn</a> (born 1957)</dd>\n<dd><a href="/wiki/Wilmar_H._Shiras', 'irley</a> (born 1953)</dd>\n<dd><a href="/wiki/Shumil" title="Shumil" class="mw-redirect">Shumil</a> (born 1957)</dd>\n<dd><a href', '="/wiki/William_Shunn" title="William Shunn">William Shunn</a> (born 1967)</dd>\n<dd><a href="/wiki/Lu%C3%ADs_Filipe_Silva" title', '="Lu\xc3\xads Filipe Silva">Lu\xc3\xads Filipe Silva</a> (born 1969)</dd>\n<dd><a href="/wiki/Robert_Silverberg" title="Robert Silverberg">Ro', 'bert Silverberg</a> (born 1935)</dd>\n<dd><a href="/wiki/Clifford_D._Simak" title="Clifford D. Simak">Clifford D. Simak</a> (1904', '\xe2\x80\x931988)</dd>\n<dd><a href="/wiki/Dan_Simmons" title="Dan Simmons">Dan Simmons</a> (born 1948)</dd>\n<dd><a href="/wiki/Johanna_Si', 'nisalo" title="Johanna Sinisalo">Johanna Sinisalo</a> (born 1958)</dd>\n<dd><a href="/wiki/Curt_Siodmak" title="Curt Siodmak">Cur', '\x932000)</dd>\n<dd><a href="/wiki/William_Sleator" title="William Sleator">William Sleator</a> (born 1945)</dd>\n<dd><a href="/wiki/', 'Joan_Slonczewski" title="Joan Slonczewski">Joan Slonczewski</a> (born 1956)</dd>\n<dd><a href="/wiki/George_Edgar_Slusser" title=', '"George Edgar Slusser">George Edgar Slusser</a> (born 1939)</dd>\n<dd><a href="/wiki/Clark_Ashton_Smith" title="Clark Ashton Smit', '\xe2\x80\x931965)</dd>\n<dd><a href="/wiki/Michael_Marshall_Smith" title="Michael Marshall Smith">Michael Marshall Smith</a> (born 1965)</', 'l_Smith" title="L. Neil Smith">L. Neil Smith</a> (born 1946)</dd>\n<dd><a href="/wiki/Melinda_Snodgrass" title="Melinda Snodgrass', '" class="mw-redirect">Melinda Snodgrass</a> (born 1951)</dd>\n<dd><a href="/wiki/Jerry_Sohl" title="Jerry Sohl">Jerry Sohl</a> (1', '913\xe2\x80\x932002)</dd>\n<dd><a href="/wiki/Martha_Soukup" title="Martha Soukup">Martha Soukup</a> (born 1959)</dd>\n<dd><a href="/wiki/S', 'teven_Spielberg" title="Steven Spielberg">Steven Spielberg</a> (born 1946) <i><a href="/wiki/Close_Encounters_of_the_Third_Kind"', 'itle="Norman Spinrad">Norman Spinrad</a> (born 1940)</dd>\n<dd><a href="/wiki/Nancy_Springer" title="Nancy Springer">Nancy Spring', 'er</a> (born 1948)</dd>\n<dd><a href="/wiki/Margaret_St._Clair" title="Margaret St. Clair">Margaret St. Clair</a> (1911\xe2\x80\x931985)</', 'dd>\n<dd><a href="/wiki/Dana_Stabenow" title="Dana Stabenow">Dana Stabenow</a> (born 1952)</dd>\n<dd><a href="/wiki/Brian_Stablefo', 'rd" title="Brian Stableford">Brian Stableford</a> (born 1948)</dd>\n<dd><a href="/wiki/Michael_Stackpole" title="Michael Stackpol', 'e" class="mw-redirect">Michael Stackpole</a> (born 1957)</dd>\n<dd><a href="/wiki/Olaf_Stapledon" title="Olaf Stapledon">Olaf Sta', 'a> (1899\xe2\x80\x931976)</dd>\n<dd><a href="/wiki/Christopher_Stasheff" title="Christopher Stasheff">Christopher Stasheff</a> (born 1944)', '</dd>\n<dd><a href="/wiki/John_Steakley" title="John Steakley">John Steakley</a> (born 1951)</dd>\n<dd><a href="/wiki/Allen_Steele', '" title="Allen Steele">Allen Steele</a> (born 1958)</dd>\n<dd><a href="/wiki/Angela_Steinm%C3%BCller" title="Angela Steinm\xc3\xbcller"', '>Angela Steinm\xc3\xbcller</a> (born 1941)</dd>\n<dd><a href="/wiki/Karlheinz_Steinm%C3%BCller" title="Karlheinz Steinm\xc3\xbcller">Karlhein', 'z Steinm\xc3\xbcller</a> (born 1950)</dd>\n<dd><a href="/wiki/Neal_Stephenson" title="Neal Stephenson">Neal Stephenson</a> (born 1959)<', '/Bruce_Sterling" title="Bruce Sterling">Bruce Sterling</a> (born 1954)</dd>\n<dd><a href="/wiki/Francis_Stevens" title="Francis S', 'a> (born 1954)</dd>\n<dd>Ron Stillman (pseudonym of <a href="/wiki/Don_Bendell" title="Don Bendell">Don Bendell</a>)</dd>\n<dd><a ', '/wiki/S._M._Stirling" title="S. M. Stirling">S. M. Stirling</a> (born 1953)</dd>\n<dd><a href="/wiki/John_E._Stith" title="John E', '. Stith">John E. Stith</a> (born 1947)</dd>\n<dd><a href="/wiki/J._Michael_Straczynski" title="J. Michael Straczynski">J. Michael', ' Straczynski</a> (born 1954), <i><a href="/wiki/Babylon_5" title="Babylon 5">Babylon 5</a></i></dd>\n<dd><a href="/wiki/Giampietr', 'o_Stocco" title="Giampietro Stocco">Giampietro Stocco</a> (born 1961)</dd>\n<dd><a href="/wiki/Manning_Lee_Stokes" title="Manning', '> (born 1964)</dd>\n<dd><a href="/wiki/Arkady_and_Boris_Strugatsky" title="Arkady and Boris Strugatsky">Arkady and Boris Strugats', 'Richard J. Sutcliffe</a> (born 1947)</dd>\n<dd><a href="/wiki/Michael_Swanwick" title="Michael Swanwick">Michael Swanwick</a> (bo', '/Michael_Szameit" title="Michael Szameit">Michael Szameit</a> (born 1950)</dd>\n</dl>\n<h2><span class="mw-headline" id="T">T</spa', 'hiki Tanaka">Yoshiki Tanaka</a>, (born 1952), <i><a href="/wiki/Legend_of_the_Galactic_Heroes" title="Legend of the Galactic Her', 'r</a> (1896\xe2\x80\x931974)</dd>\n<dd><a href="/wiki/Andrius_Tapinas" title="Andrius Tapinas">Andrius Tapinas</a> (born 1977)</dd>\n<dd><a', ' href="/wiki/Howard_Tayler" title="Howard Tayler">Howard Tayler</a>, (born 1968), <a href="/wiki/Webcomic" title="Webcomic">webc', 'nthony_Taylor" title="Mark Anthony Taylor" class="mw-redirect">Mark Anthony Taylor</a> (born 1970)</dd>\n<dd><a href="/wiki/Travi', 's_S_Taylor" title="Travis S Taylor" class="mw-redirect">Travis S Taylor</a> (born 1968)</dd>\n<dd><a href="/wiki/Steve_Rasnic_Tem', '" title="Steve Rasnic Tem">Steve Rasnic Tem</a> (born 1950)</dd>\n<dd><a href="/wiki/William_F._Temple" title="William F. Temple"', '>William F. Temple</a> (1914\xe2\x80\x931989)</dd>\n<dd><a href="/wiki/Tais_Teng" title="Tais Teng">Tais Teng</a> (born 1952) (nom de plum', '(pseudonym of Philip Klass)</dd>\n<dd><a href="/wiki/Sheri_S._Tepper" title="Sheri S. Tepper">Sheri S. Tepper</a> (born 1929)</dd', '>\n<dd><a href="/wiki/Tom_Terry_(author)" title="Tom Terry (author)" class="mw-redirect">Tom Terry</a> (born 1963)</dd>\n<dd><a hr', 'rt Thurston">Robert Thurston</a> (born 1936)</dd>\n<dd><a href="/wiki/Mark_W._Tiedemann" title="Mark W. Tiedemann">Mark W. Tiedem', 'ann</a> (born 1954)</dd>\n<dd><a href="/wiki/Patrick_Tilley" title="Patrick Tilley">Patrick Tilley</a> (born 1928)</dd>\n<dd><a hr', '_Nikolaevich_Tolstoi" title="Aleksei Nikolaevich Tolstoi" class="mw-redirect">Aleksei Nikolaevich Tolstoi</a> (born 1882 or 1883', '\xe2\x80\x931997)</dd>\n<dd><a href="/wiki/Harry_Turtledove" title="Harry Turtledove">Harry Turtledove</a> (born 1949)</dd>\n<dd><a href="/', 'wiki/Mary_Turzillo" title="Mary Turzillo">Mary Turzillo</a> (born 1940)</dd>\n<dd><a href="/wiki/John_Twelve_Hawks" title="John T', 'welve Hawks">John Twelve Hawks</a></dd>\n<dd><a href="/wiki/Kathy_Tyers" title="Kathy Tyers">Kathy Tyers</a> (born 1952)</dd>\n</d', 'r">Jeff VanderMeer</a> (born 1968)</dd>\n<dd><a href="/wiki/James_Van_Pelt" title="James Van Pelt">James Van Pelt</a> (born 1954)', '</dd>\n<dd><a href="/wiki/Sydney_J._Van_Scyoc" title="Sydney J. Van Scyoc">Sydney J. Van Scyoc</a> (born 1939)</dd>\n<dd><a href="', '/wiki/Robert_E._Vardeman" title="Robert E. Vardeman">Robert E. Vardeman</a> (born 1947)</dd>\n<dd><a href="/wiki/A._E._van_Vogt" ', ')">John Varley</a> (born 1947)</dd>\n<dd><a href="/wiki/Vladimir_Vasilyev_(writer)" title="Vladimir Vasilyev (writer)">Vladimir V', 'asilyev</a> (born 1967)</dd>\n<dd>Vercors (1902\xe2\x80\x931991) (pseudonym of <a href="/wiki/Jean_Bruller" title="Jean Bruller">Jean Brul', 'Vinge" title="Joan D. Vinge">Joan D. Vinge</a> (born 1948)</dd>\n<dd><a href="/wiki/Vernor_Vinge" title="Vernor Vinge">Vernor Vin', 'ge</a> (born 1944)</dd>\n<dd><a href="/wiki/Voltaire" title="Voltaire">Voltaire</a> (1694\xe2\x80\x931778)</dd>\n<dd><a href="/wiki/Elisabe', 'th_Vonarburg" title="Elisabeth Vonarburg" class="mw-redirect">Elisabeth Vonarburg</a> (born 1947)</dd>\n<dd><a href="/wiki/Kurt_V', ')</dd>\n<dd><a href="/wiki/Howard_Waldrop" title="Howard Waldrop">Howard Waldrop</a> (born 1946)</dd>\n<dd><a href="/wiki/F._L._Wa', ')</dd>\n<dd><a href="/wiki/Ian_Watson_(author)" title="Ian Watson (author)">Ian Watson</a> (born 1943)</dd>\n<dd><a href="/wiki/La', 'wrence_Watt-Evans" title="Lawrence Watt-Evans">Lawrence Watt-Evans</a> (born 1954)</dd>\n<dd><a href="/wiki/Peter_Watts_(author)"', ' title="Peter Watts (author)">Peter Watts</a> (born 1958)</dd>\n<dd><a href="/wiki/Don_Webb_(writer)" title="Don Webb (writer)">D', 'on Webb</a> (born 1960)</dd>\n<dd><a href="/wiki/David_Weber" title="David Weber">David Weber</a> (born 1952), <i><a href="/wiki/', '</a> (born 1964)</dd>\n<dd><a href="/wiki/K._D._Wentworth" title="K. D. Wentworth">K. D. Wentworth</a> (1951\xe2\x80\x932012)</dd>\n<dd><a ', 'href="/wiki/Bernard_Werber" title="Bernard Werber">Bernard Werber</a> (born 1961)</dd>\n<dd><a href="/wiki/Wallace_West" title="W', '/a> (born 1963)</dd>\n<dd><a href="/wiki/Suzanne_Weyn" title="Suzanne Weyn">Suzanne Weyn</a> (born 1955)</dd>\n<dd><a href="/wiki/', 'ion)">Steve White</a> (born 1946)</dd>\n<dd><a href="/wiki/Ted_White_(author)" title="Ted White (author)">Ted White</a> (born 193', '8)</dd>\n<dd><a href="/wiki/Sonny_Whitelaw" title="Sonny Whitelaw">Sonny Whitelaw</a> (born 1956), <i><a href="/wiki/Stargate" ti', '02)</dd>\n<dd><a href="/wiki/Kate_Wilhelm" title="Kate Wilhelm">Kate Wilhelm</a> (born 1928)</dd>\n<dd><a href="/wiki/Lynda_Willia', 'ms" title="Lynda Williams">Lynda Williams</a> (born 1958), <i><a href="/wiki/Okal_Rel_Universe" title="Okal Rel Universe">Okal R', 'el Universe</a></i> series</dd>\n<dd><a href="/wiki/Liz_Williams" title="Liz Williams">Liz Williams</a> (born 1965)</dd>\n<dd><a h', 'D (comics)">2000 AD</a></dd>\n<dd><a href="/wiki/Sean_Williams_(author)" title="Sean Williams (author)">Sean Williams</a> (born 1', '967)</dd>\n<dd><a href="/wiki/Tad_Williams" title="Tad Williams">Tad Williams</a> (born 1957), <i><a href="/wiki/Otherland" title', '(born 1953)</dd>\n<dd><a href="/wiki/Jack_Williamson" title="Jack Williamson">Jack Williamson</a> (1908\xe2\x80\x932006)</dd>\n<dd><a href=', '"/wiki/Michael_Z._Williamson" title="Michael Z. Williamson">Michael Z. Williamson</a> (born 1967)</dd>\n<dd><a href="/wiki/Connie', '_Willis" title="Connie Willis">Connie Willis</a> (born 1945)</dd>\n<dd><a href="/wiki/Colin_Wilson" title="Colin Wilson">Colin Wi', 'lson</a> (born 1931)</dd>\n<dd><a href="/wiki/D._Harlan_Wilson" title="D. Harlan Wilson">D. Harlan Wilson</a> (born 1971)</dd>\n<d', 'd><a href="/wiki/F._Paul_Wilson" title="F. Paul Wilson">F. Paul Wilson</a> (born 1946)</dd>\n<dd><a href="/wiki/Robert_Anton_Wils', 'rt Charles Wilson">Robert Charles Wilson</a> (born 1953)</dd>\n<dd><a href="/wiki/Richard_Wilson_(author)" title="Richard Wilson ', '(author)">Richard Wilson</a> (1920-1987)</dd>\n<dd><a href="/wiki/David_Wingrove" title="David Wingrove">David Wingrove</a> (born', ' (born 1931)</dd>\n<dd><a href="/wiki/Donald_A._Wollheim" title="Donald A. Wollheim">Donald A. Wollheim</a> (1914\xe2\x80\x931990) (variou', 'i</a> (born 1944)</dd>\n<dd><a href="/wiki/Jack_Womack" title="Jack Womack">Jack Womack</a> (born 1956)</dd>\n<dd><a href="/wiki/J', 'ohn_C._Wright_(author)" title="John C. Wright (author)">John C. Wright</a> (born 1961), <i><a href="/wiki/The_Golden_Age_trilogy', '\n<dd><a href="/wiki/Jane_Yolen" title="Jane Yolen">Jane Yolen</a> (born 1939)</dd>\n<dd><a href="/wiki/Robert_Franklin_Young" tit', '="Charles Yu">Charles Yu</a> (born 1976)</dd>\n</dl>\n<h2><span class="mw-headline" id="Z">Z</span><span class="mw-editsection"><s', 'born 1951)</dd>\n<dd><a href="/wiki/Janusz_A._Zajdel" title="Janusz A. Zajdel" class="mw-redirect">Janusz A. Zajdel</a> (1938\xe2\x80\x931', 'ki/George_Zebrowski" title="George Zebrowski">George Zebrowski</a> (born 1945)</dd>\n<dd><a href="/wiki/Roger_Zelazny" title="Rog', 'arah_Zettel" title="Sarah Zettel">Sarah Zettel</a> (born 1966)</dd>\n<dd><a href="/wiki/Rafal_A._Ziemkiewicz" title="Rafal A. Zie', 'mkiewicz" class="mw-redirect">Rafal A. Ziemkiewicz</a> (born 1964)</dd>\n<dd><a href="/wiki/Andrzej_Ziemia%C5%84ski" title="Andrz', 'ej Ziemia\xc5\x84ski">Andrzej Ziemia\xc5\x84ski</a> (born 1960)</dd>\n<dd><a href="/wiki/Aleksandar_Ziljak" title="Aleksandar Ziljak" class="', 'mw-redirect">Aleksandar Ziljak</a> (born 1963)</dd>\n<dd><a href="/wiki/Werner_Zillig" title="Werner Zillig">Werner Zillig</a> (b', 'orn 1949)</dd>\n<dd><a href="/wiki/David_Zindell" title="David Zindell">David Zindell</a> (born 1952)</dd>\n<dd><a href="/wiki/Pam', 'ela_Zoline" title="Pamela Zoline">Pamela Zoline</a> (born 1941)</dd>\n</dl>\n<h2><span class="mw-headline" id="See_also">See also<'], ['lmer">Edwin Balmer</a> (1883-1959)</dd>\n<dd><a href="/wiki/Iain_M._Banks" title="Iain M. Banks" class="mw-redirect">Iain M. Bank', 's</a> (1954-2013)</dd>\n<dd><a href="/wiki/Raymond_E._Banks" title="Raymond E. Banks">Raymond E. Banks</a> (1918\xe2\x80\x931974) (also kn', '._M._Eddy,_Jr." title="C. M. Eddy, Jr.">C. M. Eddy, Jr.</a> (1896-1967)</dd>\n<dd><a href="/wiki/G._C._Edmondson" title="G. C. Ed', 'dwin" title="Parke Godwin">Parke Godwin</a> (1929-2013)</dd>\n<dd><a href="/wiki/Tom_Godwin" title="Tom Godwin">Tom Godwin</a> (1', 'car" title="Angus MacVicar">Angus MacVicar</a> (1908-2001)</dd>\n<dd><a href="/wiki/Tom_Maddox" title="Tom Maddox">Tom Maddox</a>', 'rn 1951)</dd>\n<dd><a href="/wiki/Richard_Matheson" title="Richard Matheson">Richard Matheson</a> (1926-2013)</dd>\n<dd><a href="/', '="/wiki/Kris_Neville" title="Kris Neville" class="mw-redirect">Kris Neville</a> (1925-1980)</dd>\n<dd><a href="/wiki/Yuri_Nikitin', '1849)</dd>\n<dd><a href="/wiki/Frederik_Pohl" title="Frederik Pohl">Frederik Pohl</a> (1919-2013)</dd>\n<dd><a href="/wiki/Arthur_', 'iki/Joanna_Russ" title="Joanna Russ">Joanna Russ</a> (1937-2011)</dd>\n<dd><a href="/wiki/Richard_Paul_Russo" title="Richard Paul', ' Lee Stokes">Manning Lee Stokes</a> (1911-1976)</dd>\n<dd><a href="/wiki/Charles_Stross" title="Charles Stross">Charles Stross</a', 'ky</a> ((1925\xe2\x80\x931991) and (1933-2012) respectively) (in <a href="/wiki/Russian_language" title="Russian language">Russian</a>, \xd0', '="/wiki/Jack_Vance" title="Jack Vance">Jack Vance</a> (1916-2013)</dd>\n<dd><a href="/wiki/Jeff_VanderMeer" title="Jeff VanderMee', 'v>\n</div>\n<dl>\n<dd><a href="/wiki/Roland_C._Wagner" title="Roland C. Wagner" class="mw-redirect">Roland C. Wagner</a> (1960-2012', '(author)">Richard Wilson</a> (1920-1987)</dd>\n<dd><a href="/wiki/David_Wingrove" title="David Wingrove">David Wingrove</a> (born', 'href="/wiki/Special:BookSources/0786708875" class="internal mw-magiclink-isbn">ISBN 0-7867-0887-5</a> or <a href="/wiki/Special:']]